is_gradable,quality_tier,blur_score,entropy,brisque_score,warnings,feedback_en,feedback_hi,recapture_required,image_id,split
True,acceptable,1437.5937048745095,7.703136920928955,69.11338806152344,['Poor overall image quality (BRISQUE: 69.11).'],['Poor quality: Please recapture image carefully'],['खराब गुणवत्ता: कृपया छवि को सावधानीपूर्वक दोबारा लें'],False,IDRiD_01,train
True,acceptable,1849.9364241929127,7.716858863830566,66.06562805175781,['Poor overall image quality (BRISQUE: 66.07).'],['Poor quality: Please recapture image carefully'],['खराब गुणवत्ता: कृपया छवि को सावधानीपूर्वक दोबारा लें'],False,IDRiD_02,train
True,acceptable,1579.0701799190783,7.743526458740234,68.06117248535156,['Poor overall image quality (BRISQUE: 68.06).'],['Poor quality: Please recapture image carefully'],['खराब गुणवत्ता: कृपया छवि को सावधानीपूर्वक दोबारा लें'],False,IDRiD_03,train
True,acceptable,1787.631777654255,7.71152925491333,67.39495849609375,['Poor overall image quality (BRISQUE: 67.39).'],['Poor quality: Please recapture image carefully'],['खराब गुणवत्ता: कृपया छवि को सावधानीपूर्वक दोबारा लें'],False,IDRiD_07,val
True,acceptable,1377.8324594460678,7.621064186096191,70.51646423339844,['Poor overall image quality (BRISQUE: 70.52).'],['Poor quality: Please recapture image carefully'],['खराब गुणवत्ता: कृपया छवि को सावधानीपूर्वक दोबारा लें'],False,IDRiD_08,val
True,acceptable,1226.0795524571645,7.669417381286621,71.03784942626953,['Poor overall image quality (BRISQUE: 71.04).'],['Poor quality: Please recapture image carefully'],['खराब गुणवत्ता: कृपया छवि को सावधानीपूर्वक दोबारा लें'],False,IDRiD_13,val
False,poor,49.692268785089254,5.769435882568359,86.30862426757812,"['High blur detected.', 'Poor overall image quality (BRISQUE: 86.31).']","['Blurry: Refocus lens', 'Poor quality: Please recapture image carefully']","['धुंधला: लेंस को फिर से फोकस करें', 'खराब गुणवत्ता: कृपया छवि को सावधानीपूर्वक दोबारा लें']",True,IDRiD_24,test
False,poor,54.569308494159486,5.700624942779541,86.00535583496094,"['High blur detected.', 'Poor overall image quality (BRISQUE: 86.01).']","['Blurry: Refocus lens', 'Poor quality: Please recapture image carefully']","['धुंधला: लेंस को फिर से फोकस करें', 'खराब गुणवत्ता: कृपया छवि को सावधानीपूर्वक दोबारा लें']",True,IDRiD_26,test
True,acceptable,113.69497999898158,5.879714012145996,82.63416290283203,['Poor overall image quality (BRISQUE: 82.63).'],['Poor quality: Please recapture image carefully'],['खराब गुणवत्ता: कृपया छवि को सावधानीपूर्वक दोबारा लें'],False,IDRiD_29,test
